iso3,period,admin_level,service,admin_name,pop_total,pop_covered,pop_coverage_pct,area_coverage_pct,tiles,tests,devices,d_median_pop,d_mean_pop,d_median_tile,d_p10_pop,d_p90_pop,divide_ratio,u_median_pop,lat_median_pop,pct_above_bb,pct_above_hi,density
EGY,2026Q2,ADM1,fixed,Al Sharqia Governorate,8184996.971278768,6821673.258431211,83.34362593374837,19.62055795066384,3396.0,61091.0,18261.0,21.826943485292304,25.479155714036526,18.182499999999997,8.036846259625188,41.710837746566106,5.189950933379104,4.150276050168498,25.0,86.26689397721408,35.61890199330779,1706.9581420253196
EGY,2026Q2,ADM1,fixed,Alexandria Governorate,6295504.176260313,5882353.572906941,93.43737067300631,12.665850367363644,1194.0,121152.0,35271.0,28.4853207087564,35.322751179543125,26.3455,17.13531332792234,64.49252121967217,3.763719984891102,7.554602018034114,18.0,96.66481417411433,65.55221521586212,2435.6408498730093
EGY,2026Q2,ADM1,fixed,Aswan Governorate,1839272.5749890793,1177948.7597835173,64.04427357867343,0.25971081838993315,473.0,3617.0,1396.0,23.065896804906693,28.305706674368594,21.444,7.421807614175025,49.973098513307576,6.7332786177134505,5.312230472350645,26.0,83.86920416113496,41.30109162910959,32.59695909729292
EGY,2026Q2,ADM1,fixed,Asyut Governorate,4902242.143033972,3812060.9887797097,77.76158087573465,1.9564639210410708,923.0,15287.0,4707.0,23.52206762622104,28.295249621943196,21.214,5.694989437938727,56.455249770700775,9.913143893579278,5.985104322734321,15.0,82.49899960222736,43.889233774323266,351.8008572316561
EGY,2026Q2,ADM1,fixed,Beheira Governorate,7403421.72444753,5060313.2053790605,68.35100570684672,6.890726010390538,2751.0,31002.0,9388.0,22.77055645621903,28.73957409010099,17.952,7.071728025523605,58.540810457796006,8.278147893486263,4.790470115659483,16.0,84.94599128960519,41.61679189672837,674.0652540289625
EGY,2026Q2,ADM1,fixed,Beni Suef Governorate,4022905.8851988604,3204959.3914417326,79.66776958997401,2.317923657399319,893.0,11770.0,3880.0,24.707481043949304,30.84913135132364,23.108,10.227278939244115,60.47662108086256,5.913266025120491,6.217292964351356,13.552697058921602,90.62323171477202,49.38875781380568,365.5231367575789
EGY,2026Q2,ADM1,fixed,Cairo Governorate,10020110.886171788,9845148.930205934,98.25389201822797,26.429063051850136,2832.0,321756.0,96509.0,28.972306414402574,37.27596356650667,36.0715,20.252271886158393,72.79646619787123,3.594483947631804,8.44812551304406,20.0,97.81393369729092,74.34736563212057,3337.618392422794
EGY,2026Q2,ADM1,fixed,Dakahlia Governorate,8557028.6837987,7435305.348311803,86.89120514915777,17.443447094159186,2713.0,70160.0,18933.0,22.45876992741453,28.02624998792086,20.262,10.755420805731653,54.17625297520244,5.037111420720188,4.536378251370276,22.0,91.38144236869586,37.80807036535895,2003.3373961726463
EGY,2026Q2,ADM1,fixed,Damietta Governorate,2007127.8594212027,1759576.9757328033,87.6664118568019,19.984342376617807,745.0,15676.0,5036.0,25.09557705776826,33.581098375382425,24.494,14.511196664827427,64.64173115668102,4.45461064650589,5.4217546054660115,18.0,95.16594167589042,51.1340012828254,1974.6024515908614
EGY,2026Q2,ADM1,fixed,Faiyum Governorate,4483234.014839105,3249596.393732719,72.48330965942988,4.639751338390465,929.0,14855.0,3813.0,22.375809174817526,26.654221039662083,19.051,7.943791909469067,48.01012400511237,6.043728807634537,4.978394907043463,20.0,84.55865771459385,40.53141912057225,788.1498867542514
EGY,2026Q2,ADM1,fixed,Gharbiyya Governorate,5993319.198342641,5469280.336634219,91.25628313183557,25.81133831068116,1727.0,47734.0,13452.0,21.73770026236743,26.148525674930287,19.538,9.833193639094336,44.08655015774939,4.483441674785313,4.37407573165664,22.0,89.62999714090176,33.94425370714575,3248.825910927991
EGY,2026Q2,ADM1,fixed,Giza Governorate,10472634.01709045,10034370.725760663,95.81515700238758,2.06353223650452,2805.0,197295.0,60096.0,25.7735798080287,34.18827168047955,27.67,14.977484547655934,73.0686632416508,4.8785670924351905,5.99943813408492,18.0,95.13439867887512,54.81615879697198,274.263743248798
EGY,2026Q2,ADM1,fixed,Ismailia Governorate,1371135.1081590916,1059181.0707409382,77.24848298597007,3.9977303357968554,625.0,10921.0,3677.0,26.88721391299595,28.893867965959316,21.109,9.158390986578215,40.37242768436938,4.408244607981455,6.345554448745215,14.0,89.42458073426711,60.31505749491887,316.28995416239917
EGY,2026Q2,ADM1,fixed,Kafr el-Sheikh Governorate,4721861.960441032,3425399.231618285,72.5434004703167,10.886634265135525,1675.0,23202.0,6136.0,20.170766333022247,22.84446165703224,15.548,6.1055342400808925,37.10840604034911,6.077831125201823,3.6887735222245683,19.0,81.78537792921048,30.724328034589902,1122.2825105897216
EGY,2026Q2,ADM1,fixed,Luxor Governate,1960461.2082945833,1412991.3751132488,72.07443682817976,7.578388955909355,472.0,3998.0,1521.0,23.383603800192553,29.454393202461876,21.329,9.624510122019036,50.74308739268971,5.272277419772176,4.9317167362774,24.0,89.17744050398505,45.2320119713168,1037.4662438018233
EGY,2026Q2,ADM1,fixed,Matrouh Governorate,700317.2185265901,483629.1101996697,69.05857765673471,0.17417789521273766,976.0,11512.0,4064.0,25.74874188223285,33.559376275562,27.5265,7.407922078893556,72.01909641852036,9.721902532386936,6.7628769738837295,18.0,86.60144410130923,50.83268655089578,4.542991896647687
EGY,2026Q2,ADM1,fixed,Minya Governate,6873079.039878951,5068237.244212749,73.74041844718857,1.2910540382545743,1294.0,19348.0,5243.0,20.5793890447352,25.619004994652748,19.7225,5.963967844748774,46.88097533088843,7.86070222899789,4.762492053368236,20.0,82.2447187604176,34.74589008240946,236.14852775568892
EGY,2026Q2,ADM1,fixed,Monufia Governorate,4986328.686257738,4361257.836582468,87.46430712844989,25.311551079262408,1879.0,28539.0,8686.0,23.582373660457073,32.175987091420076,20.419,10.077850359694658,70.42335975310758,6.9879346526873105,4.895186279820916,21.0,90.11862864816415,42.453618984191586,2417.306831598582
EGY,2026Q2,ADM1,fixed,New Valley Governorate,2357912.406501896,1617974.3623563864,68.61893418495337,0.04907416921828951,717.0,5204.0,1504.0,20.168833008691102,28.33960345257412,19.35,5.636638342219291,62.31790324379845,11.055863346248017,4.591516831327917,18.0,78.46722246680328,37.33450469835654,5.370041676199586
EGY,2026Q2,ADM1,fixed,North Sinai Governorate,548221.8184472532,288325.8997958411,52.59292682156943,0.305397119667834,307.0,2581.0,1010.0,34.63115721822561,45.99219145999481,36.612,12.1109912882006,98.12364207137722,8.102032256185035,10.56850159791172,15.0,93.73113194911903,65.02915990281065,19.848779107075284
EGY,2026Q2,ADM1,fixed,Port Said Governorate,918916.6629117207,837001.286371012,91.08565772644192,4.962573102020777,254.0,12099.0,3927.0,27.879690343008388,29.730564973714053,24.258000000000003,22.649394733851288,37.800008762807266,1.6689191568687796,8.09292295293278,19.0,97.1397095585465,71.26553743208768,655.3547637698109
EGY,2026Q2,ADM1,fixed,Qalyubia Governorate,8477521.131026551,8036938.740228653,94.80293373512892,44.4107747925278,1876.0,75115.0,21799.0,24.906955847636105,27.753130580635236,23.668,14.771129780275869,38.53016386338187,2.6084777831166193,5.815507295864124,20.0,95.47461464358327,49.67068929254053,7196.341955708695
EGY,2026Q2,ADM1,fixed,Qena Governorate,3358015.839393526,2535433.564501673,75.5039191524357,1.670755399959851,682.0,6422.0,2190.0,21.2266415330464,27.076517846849075,20.629,6.24266124207655,49.83072348418493,7.982288570829018,4.782016998651085,21.0,81.748033366346,38.47135498250884,272.5667634091246
EGY,2026Q2,ADM1,fixed,Red Sea Governorate,432043.6900001238,388881.1339754656,90.00967795070775,0.15060334354308078,609.0,16845.0,7300.0,28.105209768961853,33.83154498150268,25.767,17.39386819311584,56.37291370897772,3.2409647516639826,9.155185357394702,23.0,96.48189622158918,63.84394095262865,3.5835322134207885
EGY,2026Q2,ADM1,fixed,Sohag Governorate,5380542.873830312,4045923.390292287,75.1954493285557,3.0711156694569675,1045.0,12301.0,3670.0,21.210162059528407,25.67952628032574,17.794,5.728461854961968,43.74431997865924,7.636311646339777,4.540637250976044,21.0,79.98627033642026,38.330361599924956,528.9227321421337
EGY,2026Q2,ADM1,fixed,South Sinai Governorate,122514.32183181624,80105.37409310052,65.38449782472503,0.3554976278958416,358.0,8293.0,3531.0,24.255432640857084,29.162738418948553,23.287,14.14033894005574,43.27763498944495,3.060579747975571,8.740745333528565,16.0,95.05788564284343,46.753824113636625,4.203779382107181
EGY,2026Q2,ADM1,fixed,Suez Governorate,866504.7569473811,796515.9480799807,91.92285924500118,1.3439508676264662,431.0,8548.0,3234.0,30.677509388577445,35.48844154837309,28.334,22.131585743828506,61.79016181171214,2.7919446228087206,9.062522857958797,15.0,97.90312316983749,83.43366623865434,95.96122120722384
EGY,2026Q2,ADM1,mobile,Al Sharqia Governorate,8184996.971278768,4864131.364597497,59.4274057970428,9.380506955325558,1622.0,5844.0,3711.0,31.368707298005067,37.97747387018351,26.926000000000002,7.052050834407262,75.81760191324925,10.75114228379238,7.623153815482041,31.0,84.83471971334102,61.17565002037728,1706.9581420253196
EGY,2026Q2,ADM1,mobile,Alexandria Governorate,6295504.176260313,5732832.906048943,91.06233187274906,11.357524027607534,1071.0,13577.0,8854.0,38.660156295182595,39.99714958160364,36.11,15.70696970706494,64.75408835795007,4.122634064088371,9.853213319218261,26.0,95.02589684411552,76.77133289536157,2435.6408498730093
EGY,2026Q2,ADM1,mobile,Aswan Governorate,1839272.5749890793,878321.8109845424,47.75375998795379,0.17250100804206922,314.0,1066.0,647.0,40.724148469162884,52.42921626949896,34.8985,11.351038166785246,105.77389213269917,9.318433307907346,13.964496525126982,35.0,91.31097764895976,73.49329152409848,32.59695909729292
EGY,2026Q2,ADM1,mobile,Asyut Governorate,4902242.143033972,3046975.2713585356,62.15472802966805,1.2950254965457595,611.0,3163.0,1905.0,33.53356834894595,37.289837671187385,28.989,11.417821367913058,68.85540548057666,6.03052046987507,9.79351807656185,34.0,91.15904004686996,65.56272790866781,351.8008572316561
EGY,2026Q2,ADM1,mobile,Beheira Governorate,7403421.72444753,3270859.9345548702,44.180381130442136,3.3621583046365355,1341.0,4143.0,2254.0,25.28984075195649,32.21480702577654,23.312,6.3219152175103375,62.00221643755264,9.807505210734227,7.514778198616187,32.0,82.65031498927767,50.983268690786666,674.0652540289625
EGY,2026Q2,ADM1,mobile,Beni Suef Governorate,4022905.8851988604,2253605.251241793,56.01933814890608,1.2507358760998888,482.0,1512.0,904.0,26.98052408486549,33.88951452335154,24.686500000000002,7.751192172617671,68.30940893279148,8.81276162576712,9.401970043191026,28.0,86.2616398402737,52.999109975636586,365.5231367575789
EGY,2026Q2,ADM1,mobile,Cairo Governorate,10020110.886171788,9754150.828778626,97.34573738340363,27.266285156127555,2922.0,33582.0,22000.0,44.4019589305869,46.0586100661315,47.5715,23.855549030633707,69.7571179738761,2.9241464065362175,11.656287726889676,26.0,98.64722876494871,88.33980476493298,3337.618392422794
EGY,2026Q2,ADM1,mobile,Dakahlia Governorate,8557028.6837987,5367062.90996385,62.721104583013535,7.952876603512054,1237.0,4708.0,2957.0,33.991408191777076,38.610447797894835,32.156,7.210300287825199,72.1360090026959,10.004577635206072,6.565716921043687,31.0,86.05770352266767,61.54628357101538,2003.3373961726463
EGY,2026Q2,ADM1,mobile,Damietta Governorate,2007127.8594212027,1299196.5924024582,64.72913951665784,10.105130178795156,377.0,1542.0,965.0,32.13200557854356,38.36266037487133,36.817,11.192405213724467,69.83202481090974,6.239233076129124,8.33960590748032,31.0,92.63322599895581,66.38420242084709,1974.6024515908614
EGY,2026Q2,ADM1,mobile,Faiyum Governorate,4483234.014839105,2447443.9442449384,54.59103709831155,2.4869558401544034,498.0,1628.0,998.0,27.719040282914165,33.874443252724035,23.481,5.919987431484065,66.58906136476008,11.248176138115053,8.611217288813265,30.0,85.39608778665796,54.35994834638286,788.1498867542514
EGY,2026Q2,ADM1,mobile,Gharbiyya Governorate,5993319.198342641,4306939.10409236,71.86233473570665,13.07381751227157,875.0,3945.0,2437.0,34.75702410435874,37.960209560798916,29.96,8.013566300995903,70.68273174963579,8.82038397072369,7.133156928817293,32.0,86.998722997181,63.526815051081456,3248.825910927991
EGY,2026Q2,ADM1,mobile,Giza Governorate,10472634.01709045,9320474.250758307,88.99837648816988,1.8006155136397188,2449.0,21003.0,13125.0,38.60492678018728,41.437553428998044,41.036,15.125419062741685,67.89650162521919,4.488900528545887,10.996554662817493,27.0,93.77814375241242,78.14573151921425,274.263743248798
EGY,2026Q2,ADM1,mobile,Ismailia Governorate,1371135.1081590916,873043.4307997382,63.67304181802336,2.5448906420577084,398.0,1586.0,1019.0,33.28763725340843,35.883631392331985,26.677,7.735974916502501,65.97198563214094,8.527947200476113,9.643936121554075,31.0,87.2492651227712,58.598244888148024,316.28995416239917
EGY,2026Q2,ADM1,mobile,Kafr el-Sheikh Governorate,4721861.960441032,2028302.9528106507,42.95557493640078,4.288163618853547,660.0,2069.0,1243.0,33.96713776398214,39.76375089501968,28.5625,7.674332723178615,81.65868022121255,10.640492557037652,8.729766354597531,32.70253836675317,87.98978034573057,61.86530616317461,1122.2825105897216
EGY,2026Q2,ADM1,mobile,Luxor Governate,1960461.2082945833,1026033.686783404,52.33634220571784,4.173721970591829,260.0,1063.0,638.0,28.191609878305734,34.87966396411501,27.683500000000002,3.7089629192306397,77.3005428661986,20.841551816385714,9.424496226943381,35.0,74.89084275708245,54.79186928162317,1037.4662438018233
EGY,2026Q2,ADM1,mobile,Matrouh Governorate,700317.2185265901,448996.643192153,64.11332340747028,0.22263556025287357,1247.0,4586.0,2767.0,40.063531107739685,55.15990153990832,58.126,5.962641442633411,125.06262162284624,20.974365610623085,14.52687983860569,27.0,80.98756792535683,68.57039079545856,4.542991896647687
EGY,2026Q2,ADM1,mobile,Minya Governate,6873079.039878951,3694688.42033598,53.755942553529124,0.7484215319375357,750.0,2467.0,1588.0,27.153534616089264,31.31737740589034,26.999000000000002,5.17317679953734,64.02648125733735,12.376627310140169,5.622301801909073,35.0,81.36198298021402,54.87473260219902,236.14852775568892
EGY,2026Q2,ADM1,mobile,Monufia Governorate,4986328.686257738,3259206.8759128684,65.36285674258104,13.188234677733316,979.0,3027.0,1936.0,33.361541530891785,39.86680698402925,28.913,8.311608042566286,79.25125945562877,9.535009236450858,7.302133711829298,30.0,87.14283118717698,61.927569400697834,2417.306831598582
EGY,2026Q2,ADM1,mobile,New Valley Governorate,2357912.406501896,949882.6805641401,40.28490108219702,0.027598126034856514,402.0,875.0,533.0,21.631114440484218,29.664074516379337,23.5365,3.74969360220058,67.39869145986205,17.97445301138947,5.427679265560943,34.0,76.02199601627876,40.52298843818093,5.370041676199586
EGY,2026Q2,ADM1,mobile,North Sinai Governorate,548221.8184472532,207089.3067443967,37.774729092494454,0.13147512022843674,132.0,315.0,208.0,25.901921497768598,30.370499920548415,22.7695,5.915255638504612,64.19498002325453,10.85244390882879,11.428812608168423,33.0,81.4109284696997,51.249657470758116,19.848779107075284
EGY,2026Q2,ADM1,mobile,Port Said Governorate,918916.6629117207,813542.7209779471,88.53280757801464,3.7866275638588327,194.0,1382.0,923.0,37.02814217753291,40.27266063349649,36.538,13.843808748998686,71.53669751153093,5.167414460034717,8.826327831664535,34.0,93.90204721487537,68.41393176558952,655.3547637698109
EGY,2026Q2,ADM1,mobile,Qalyubia Governorate,8477521.131026551,7339262.758005142,86.57321691767254,30.176147374884415,1274.0,8027.0,4860.0,34.51859997166157,38.57824183891645,34.3295,13.74998664754867,65.74529797535705,4.781480859625273,8.724147452565695,26.0,93.44822632232821,71.20207906396551,7196.341955708695
EGY,2026Q2,ADM1,mobile,Qena Governorate,3358015.839393526,1557551.443486921,46.3830880490493,0.8453265216657109,345.0,1250.0,749.0,32.61766619760312,34.51208652860377,29.667,5.05986064022842,69.73452247955616,13.781905755492922,8.84741335073241,34.0,81.23326892043335,56.59824984015944,272.5667634091246
EGY,2026Q2,ADM1,mobile,Red Sea Governorate,432043.6900001238,365187.34885001165,84.52556010016187,0.16702379297223935,677.0,4013.0,2369.0,46.50595255598936,51.574539143846934,43.633,12.938100002588369,102.07225042827233,7.889276664104619,16.56313492051685,39.0,94.0688563760378,81.01646950861733,3.5835322134207885
EGY,2026Q2,ADM1,mobile,Sohag Governorate,5380542.873830312,2716100.175151825,50.48003963247452,1.4811819244058821,504.0,1866.0,1138.0,28.55589257542973,35.63018698512818,25.214,6.760167161868169,73.81272090924281,10.918771554288712,8.12040239871562,35.0,83.17631797835307,55.91639738637323,528.9227321421337
EGY,2026Q2,ADM1,mobile,South Sinai Governorate,122514.32183181624,73889.87284427385,60.311212386832224,0.3969504897135541,400.0,2300.0,1418.0,38.85717673511367,39.342433976873146,46.72,2.999779442906898,77.6019993659669,25.869235003079986,7.114806412977821,38.62573958578959,76.8388337245442,62.23644995449884,4.203779382107181
EGY,2026Q2,ADM1,mobile,Suez Governorate,866504.7569473811,777593.7560492203,89.7391214317869,1.66027505174981,532.0,1959.0,1291.0,36.51219613399295,40.637281317970164,44.0145,10.844023363167235,77.07897976358217,7.107968802924965,10.633118858953146,29.0,91.89424851884807,69.17286590284098,95.96122120722384
