service,year,quarter,tiles,tests,devices,pop_weight,area_km2,d_mean_tile,d_median_tile,d_mean_pop,d_median_pop,d_p10_pop,d_p90_pop,u_median_pop,lat_median_pop,pct_above_bb,pct_above_hi,divide_ratio,period
fixed,2024,2,31235.0,1140323.0,323501.0,95452723.55892071,8779.344326914643,24.967014310869217,18.921,22.31720420917822,21.135,7.478779197551178,33.34416025869196,4.47,21.0,84.89027032673098,30.5187963421012,4.458503102967666,2024 Q2
mobile,2024,2,16007.0,92468.0,52697.0,69407037.98888978,4501.896127967193,30.354875429499593,23.932,27.309266754106275,23.50534315386091,6.823850026612729,50.91505793270257,6.827,33.0,84.73801218152236,45.86520913602081,7.461338941233464,2024 Q2
fixed,2024,3,30423.0,977173.0,308882.0,94812456.53794932,8554.912212084271,26.798285639154585,20.715,24.25515782686645,23.108,8.130982450495205,36.40302663458836,5.393,20.0,86.65438127408494,40.78336866944804,4.47707603063038,2024 Q3
mobile,2024,3,16671.0,92736.0,55116.0,70632738.91519296,4686.928556566759,30.26329710275328,24.248,27.251777008213676,23.799563743251646,7.097322049499734,49.044,6.843548136305726,32.0,85.00919300554102,46.82892833281697,6.910212000800631,2024 Q3
fixed,2024,4,33689.0,1006873.0,310564.0,98608286.40455137,9486.867689937493,24.340720680340763,18.984,22.783351142805664,21.615,8.238706868901303,32.57145371265047,4.419,20.0,86.79033496481141,30.589737211946733,3.9534667552741958,2024 Q4
mobile,2024,4,21477.0,116516.0,70479.0,80001325.78416449,6059.073302559742,28.270146296037623,22.412,26.09625898769346,23.023385543380698,7.0467224255937895,46.54055076849643,6.403751429121826,32.0,84.20810467859316,44.88264269692985,6.604567053678818,2024 Q4
fixed,2025,1,30535.0,991611.0,299224.0,95026426.47692756,8588.200394246363,28.52636099557884,21.525,26.05862455168517,24.07474984769864,8.476796870892429,39.91930200367135,6.306678674772511,19.0,87.44435257634372,45.83820317113813,4.70924366971043,2025 Q1
mobile,2025,1,16456.0,87283.0,51268.0,70863542.31045617,4633.349952432296,32.89924677929023,26.3325,29.977061968033222,25.736328393185172,7.828441489954073,54.35373170134246,6.959037465398562,31.0,86.81601916329456,51.972964616146356,6.94311016708657,2025 Q1
fixed,2025,2,34173.0,1154423.0,359304.0,98271676.96321341,9612.865442094399,28.333604336757087,22.207,26.074840526284763,24.078996878227187,9.975530056936778,37.15039870430231,5.106,18.0,89.97358339153493,44.48683806282165,3.724152851253121,2025 Q2
mobile,2025,2,19279.0,121979.0,74989.0,74605306.23831752,5422.055405992067,41.224746563618446,32.053,35.11610660122673,30.807474847790058,9.112241418149416,65.20836649596018,8.066137414317156,30.0,88.718207783857,61.47027273384852,7.156128059346697,2025 Q2
fixed,2025,3,35022.0,1493583.0,402080.0,98586030.20022431,9851.70162049716,28.322975643880987,21.5,25.907522040480547,23.40501158385423,9.819,39.123,5.255626470936707,20.0,89.78700125214485,41.13409090886574,3.984417965169569,2025 Q3
mobile,2025,3,20492.0,134122.0,74587.0,76634595.26116402,5764.804630673935,38.79079694514933,30.928,33.88869407559706,29.83443618895241,9.177038891978118,60.98271534462772,8.389767574981088,33.0,88.91067974926298,61.284738673114404,6.645140776066042,2025 Q3
fixed,2025,4,33141.0,1193324.0,337976.0,96903135.26888289,9324.96710140987,29.884992365951543,21.673,27.103361473188524,23.789864869094803,9.5986009428473,43.256140158269,4.902,19.0,89.31514484174228,43.68281898377295,4.506504689155004,2025 Q4
mobile,2025,4,20431.0,119155.0,73651.0,75866924.0283494,5755.441529424219,37.85261793353238,29.835,34.445399379534344,30.49442990524809,9.219533166491084,61.60983012053696,8.27465489278351,32.0,89.07124054039592,62.24534353845475,6.682532510915127,2025 Q4
fixed,2026,1,33521.0,1146757.0,325180.0,97581744.00788479,9434.799135275562,30.723951612422066,21.719,27.8562369096202,23.73352546663446,9.911658706748225,46.049102393954364,5.288,19.0,89.85546332288159,44.1528742510239,4.645953190720986,2026 Q1
mobile,2026,1,22384.0,133781.0,82726.0,79668677.09927455,6311.430536213495,40.56784542530379,32.412,37.015046599552846,33.52094641085501,9.540231007241113,66.77849521561922,8.833039554864774,31.0,89.36323411834161,66.1442724961907,6.999672771543351,2026 Q1
fixed,2026,2,34581.0,1156323.0,348234.0,98190383.45526208,9727.291302598884,32.32618573783291,22.467,29.864609038944202,24.491062295316123,9.911705063964629,57.839386301903694,5.697745625957244,20.0,89.91170552052027,47.68633994207051,5.835462811760488,2026 Q2
mobile,2026,2,22553.0,132498.0,83437.0,78672366.2415354,6349.830723417208,43.68882618720348,34.801,38.96247082060713,35.08,9.544,69.97163842151178,9.352126854083533,30.0,89.59947361854216,67.64432066937356,7.331479298146666,2026 Q2
